id;code;name;blurb;icon;sort_order
1;helpfully;queasy successfully for;finally onset excepting;while unimpressively;5484
2;founder;thorough;now gosh;affectionate within bookend;9580
3;to;excluding;from ick;indeed;31993
4;agile after pink;blah cleverly;wherever;easily unlike yowza;32569
5;engage gently tenant;eek overplay lest;bleakly;segregate furthermore honestly;10226
6;regarding till;yuck amid dress;if after;boohoo zesty motionless;19133
7;follower meh pivot;overcook pantyhose tighten;plain surprisingly interesting;zowie genuine tangible;12256
8;mmm supposing plain;hunger fervently;ample responsible scorpion;meh clearly ugly;17226
9;carnival;anenst;after mmm;expensive snoopy;23051
10;unbalance beneath corral;since;factorise bashfully feline;mortar sunbeam along;13733
11;attraction;crumble frozen;yuck apud;merrily parsnip;3859
12;shakily;surprise furthermore oh;authentic intensely;ugh hollow vague;26608
13;frugal pish;confirm ack once;step-mother amongst;duh bah;29037
14;premier;fall;than;inspect pfft;7289
15;wildly excepting settle;what unhappy fixed;ornery that volleyball;gleefully;15863
16;woot nervously;who confusion;cassava;boohoo surface whether;31829
17;customise until;playfully innocent;obtrude settler;overload unless;20276
18;alongside rowdy supposing;inspection;ack lonely insist;wherever;37
19;fondly;aside;atrium;soft whereas;20579
20;phooey mechanically behind;finally sham;habit;sustenance expense through;7543
21;noisily;yuck;yet scarily stingy;drab;27408
22;reschedule zowie;gloomy bolster stunning;eventually huff colligate;list;6707
23;fidget an;wearily democratize obtrude;video bide;incidentally;19321
24;devil radiant;hoof;behind;ajar;12354
25;inasmuch;as godparent;indeed unexpectedly oblong;what ferociously provided;31157
26;joyous;woot;gah which as;aha;22757
27;with as comfortable;swing whose rural;forenenst;lucky crackle promptly;12105
28;necessary;courageously thorn;for once supposing;stage;2999
29;sympathetically decouple;ham until lavish;blah since;gee;6994
30;folklore bank;if reorient;madly;who beyond;24395
