id;label;sort_order;professional_id
1;dwell hastily expostulate;16673;1
2;adventurously;22006;2
3;willfully unique afterwards;19635;3
4;grumpy less nicely;20767;4
5;appropriate;21360;5
6;kaleidoscopic;17148;6
7;per though;19397;7
8;gosh;20880;8
9;fatherly;27174;9
10;how quietly down;11686;10
11;incidentally ultimate;15376;11
12;aw;19442;12
13;whirlwind reservation;18188;13
14;ecstatic;28546;14
15;since usually;26204;15
16;greatly pace;31087;16
17;boldly;21488;17
18;aw;31909;18
19;annually or diagram;9954;19
20;pause unless;12223;20
21;bewail;5061;21
22;forecast generously fill;21972;22
23;nougat smarten;18539;23
24;woeful gadzooks pull;30022;24
25;nab woot;31335;25
26;opposite wrongly;30157;26
27;different dead;19612;27
28;blossom excepting;4073;28
29;via midst;13725;29
30;mean because fearless;1212;30
