id;customer_login;professional_ref;added_at
1;drat pfft;likewise;2026-08-24T23:54:05
2;notwithstanding;fooey yuck;2026-08-25T02:24:01
3;rise wrongly;pish until;2026-08-25T03:54:57
4;ugh blind inasmuch;construe;2026-08-25T03:13:54
5;frantically wing;circa while;2026-08-25T02:52:15
6;blindly equal;quadruple consequently;2026-08-25T10:33:09
7;stiffen separate;naturally supposing generally;2026-08-25T10:37:28
8;speedily save;yippee scarcely;2026-08-25T03:40:07
9;boo;insidious coliseum savour;2026-08-24T19:49:23
10;incidentally coolly;gah warmly;2026-08-25T02:47:30
11;as variable snarling;whoa overplay violent;2026-08-24T20:06:31
12;er;skean like;2026-08-25T07:06:42
13;qua which;custody though towards;2026-08-24T21:29:18
14;straw;tromp;2026-08-25T09:23:01
15;and;archive exasperation;2026-08-25T08:54:15
16;optimal willow underpants;unpleasant clinking nectarine;2026-08-24T21:16:41
17;petal whenever;thorough and;2026-08-25T07:16:53
18;ha freezing;muddy white fast;2026-08-24T15:40:01
19;solidly;grounded mmm that;2026-08-25T12:28:59
20;devastation fooey often;austere;2026-08-25T02:05:07
21;woot puzzled ha;even;2026-08-25T11:20:35
22;closely;before fondly optimistically;2026-08-25T13:10:43
23;frantically anenst embalm;ham;2026-08-24T17:24:43
24;abaft redound tangible;that following;2026-08-24T16:13:35
25;shabby;fooey unfortunately hm;2026-08-25T11:23:50
26;gadzooks;confusion yippee oof;2026-08-25T01:07:56
27;whether;highly woot;2026-08-25T01:30:11
28;woot mostly;hmph zowie spear;2026-08-25T08:17:11
29;next;huzzah;2026-08-25T14:24:22
30;giving till equate;yet;2026-08-24T21:21:12
