id;reference;user_login;display_name;initials;headline;speciality;city;country_code;years_practising;verification;insured;police_clearance;response_minutes;rebook_rate_pct;bio;languages;delivery_modes;avatar_gradient_from;avatar_gradient_to;published_at;zone_id;category_id
1;kick;inwardly upon;reel;yipp;phew for;till since mousse;Gradyshire;MN;30074;UNVERIFIED;false;false;17484;41;../fake-data/blob/hipster.txt;separately boo mallard;probate down scamper;think b;inveigl;2023-12-04T14:37:35;bah enthusiastically which;1
2;rotating ew;major;tremendously tighten which;deed;dim misjudge er;personalise bah however;Stillwater;BH;5610;UNVERIFIED;false;true;22225;14;../fake-data/blob/hipster.txt;suspiciously after;bid;hence a;provide;2023-12-05T09:45:31;vengeful despite;2
3;amongst sandy utterly;regarding;snowplow;taro;pure;soybean;Sacramento;HM;19643;PENDING;false;false;4647;5;../fake-data/blob/hipster.txt;yahoo obsess;versus;sand;stuff c;2023-12-05T08:06:34;aha noted mild;3
4;definitive;standard refer;yearly hm;ligh;sleepily upon ew;mythology flight whose;West Emmamouth;ID;28948;UNVERIFIED;false;true;2454;16;../fake-data/blob/hipster.txt;neatly fraudster;fooey;swill e;and;2023-12-05T01:30:07;noteworthy;4
5;past inasmuch oof;under wealthy;delectable along;as a;coop rich rightfully;off galoshes accentuate;Calebview;NU;9733;PENDING;false;true;28013;34;../fake-data/blob/hipster.txt;lifestyle mash carboxyl;upwardly against instructive;how as ;whoa;2023-12-05T12:25:13;brr generally;5
6;spotless;yuck dental;wherever;idea;assail comestible after;through speedily easy;East Ernestostead;IL;15363;SUSPENDED;true;false;30119;38;../fake-data/blob/hipster.txt;well-to-do direct;fooey bashfully keel;plus in;quicker;2023-12-05T09:00:15;save;6
7;indeed;boo as near;freezing sadly discrete;elec;irritably;cheerful pertinent geez;East Rosalie;KN;7594;VERIFIED;true;true;19379;72;../fake-data/blob/hipster.txt;down reproachfully;indeed to appropriate;what or;stabili;2023-12-04T18:18:11;highly;7
8;gosh;meanwhile;custody;afte;statue knottily huzzah;against;Roobfort;UG;23650;PENDING;false;false;2462;63;../fake-data/blob/hipster.txt;oh deck colorfully;galoshes freely discrete;depot o;beneath;2023-12-05T10:04:33;abaft;8
9;unless under excepting;maestro and incidentally;nor quip;maes;tag;tousle jury;Jenkinsport;KY;32515;UNVERIFIED;false;false;29575;93;../fake-data/blob/hipster.txt;futon greatly fisherman;midst poppy;forenen;aware;2023-12-04T19:40:43;oof brr;9
10;depot;vastly that;whereas shoulder fooey;quip;ew trouser;quietly;West New York;ES;3142;SUSPENDED;false;false;11162;67;../fake-data/blob/hipster.txt;ack;joyfully what fooey;courage;fathom;2023-12-05T05:20:34;wholly abaft dearly;10
11;whoa outnumber hopelessly;during intent per;why er incidentally;befo;yieldingly;violent draft;Fort Shanna;MY;14111;PENDING;true;true;30298;23;../fake-data/blob/hipster.txt;beyond sell redraw;repeatedly inwardly politely;defiant;replace;2023-12-05T12:37:37;self-reliant indeed;11
12;discourse oh bonfire;er showy angrily;brace shear overburden;airm;scented before concerning;oval arraign an;South Andresport;FK;9203;SUSPENDED;true;true;109;29;../fake-data/blob/hipster.txt;though;saw pharmacopoeia;multico;lazily ;2023-12-04T21:46:21;goose step unto;12
13;form cake;baseboard ragged;woot;howe;oh painfully how;pulverize linseed;Fort Sheldonboro;EE;3317;PENDING;true;false;29831;56;../fake-data/blob/hipster.txt;preside aside;toaster;substit;usually;2023-12-04T21:59:51;ashamed if;13
14;yet merge;scaffold mechanically;amused softly overreact;unti;hmph slime;dilate stint eek;Kozeystad;ZA;26313;VERIFIED;true;false;22812;41;../fake-data/blob/hipster.txt;pish blah;up;toaster;scarcel;2023-12-05T01:24:50;extroverted fooey or;14
15;after;whereas;whereas characterization;yaho;past supposing;tomorrow;West Rebekahbury;NA;1048;UNVERIFIED;true;false;9001;23;../fake-data/blob/hipster.txt;clearly afore though;sleepily;tender ;bump tr;2023-12-04T22:20:45;busily pish contravene;15
16;confiscate;owlishly;when perfectly;whic;before excess;vacation unfortunate;Jensenfield;SN;2417;UNVERIFIED;true;true;10659;80;../fake-data/blob/hipster.txt;yahoo whether;wherever ugh;patient;though ;2023-12-05T02:00:39;formamide sleepily peony;16
17;peter swiftly second-hand;oof why;carefully rout;drat;noisily sunder;shoot while;Baldwin Park;ET;31027;SUSPENDED;false;false;22494;69;../fake-data/blob/hipster.txt;lend;digital;youthfu;underpa;2023-12-04T17:08:33;ick as;17
18;gee;oof seemingly;past willfully yahoo;lest;unlike er;given;West Moisesbury;IR;1028;SUSPENDED;false;false;17195;100;../fake-data/blob/hipster.txt;spiteful;battle;ceramic;unlike;2023-12-04T19:23:26;oof;18
19;plugin;idealistic;drat;prop;impact;hm;South Tillman;CU;24659;SUSPENDED;true;true;16824;14;../fake-data/blob/hipster.txt;secret;huzzah variable forenenst;consequ;knowled;2023-12-05T11:48:21;which boo;19
20;barge discourse diligently;repossess yearly;aboard ew;mids;throughout huzzah;during anenst vague;Nikolauscester;NR;27360;VERIFIED;true;false;12039;13;../fake-data/blob/hipster.txt;dearly colorize;lone;freckle;arrogan;2023-12-05T11:40:59;tight uh-huh bicycle;20
21;boohoo why;aircraft;lone yarmulke shoot;port;powerfully;practical ha;Utica;BG;10461;SUSPENDED;false;false;5534;53;../fake-data/blob/hipster.txt;bah march;comb;shush a;knit;2023-12-04T22:18:05;delete decriminalize nephew;21
22;circa;oof revoke zowie;pant failing banish;once;tankful guide consequently;instead;Dejuanmouth;VC;14669;PENDING;false;true;9620;19;../fake-data/blob/hipster.txt;yahoo;embarrassment;frankly;healthi;2023-12-05T03:34:00;badly contradict impanel;22
23;pish rim lecture;unless how major;decongestant;bah ;around phooey astride;gracefully across;South Edithburgh;FR;32642;UNVERIFIED;false;true;14461;66;../fake-data/blob/hipster.txt;healthily wrongly robust;nor why regarding;instruc;attest ;2023-12-05T05:15:27;caring after come;23
24;table charming;ha;beside;cert;provided;confiscate;West Creola;RE;24683;PENDING;true;true;21748;62;../fake-data/blob/hipster.txt;lightly tail;indeed phrase after;forgath;above;2023-12-05T00:52:45;instead;24
25;supposing gee;confide;fraudster sightseeing;down;over when jealously;drat deep;Port Pedro;AQ;7466;PENDING;true;false;24543;60;../fake-data/blob/hipster.txt;loose yahoo;cooperative;who sca;coast a;2023-12-04T23:26:00;swing annually;25
26;plus;best square moral;spook;stat;finally structure after;custom heavily;Idaho Falls;KM;11499;SUSPENDED;true;true;25282;76;../fake-data/blob/hipster.txt;duh;accurate mundane cheerful;bossy f;though ;2023-12-05T10:45:18;ugh;26
27;hopelessly although reluctantly;redesign;continually accessorise;fath;alert reprimand;culture;Spinkaport;BS;22474;PENDING;true;true;22322;72;../fake-data/blob/hipster.txt;issue impeccable apprehensive;sternly;sleet;scheme;2023-12-04T19:16:36;qua;27
28;midst knottily;and;yahoo barge why;card;meaty;transplant lawmaker yum;West Betty;EE;22229;UNVERIFIED;false;true;9606;68;../fake-data/blob/hipster.txt;warm;chunder;awkward;among o;2023-12-05T03:22:06;ick cake;28
29;although dreamily yowza;determined garage;regularly if;henc;drat bakeware boohoo;hydrant;Dothan;SE;29796;UNVERIFIED;false;false;7055;60;../fake-data/blob/hipster.txt;marimba;excluding;less ab;pfft;2023-12-05T06:53:50;underneath jaunty;29
30;kiss attest;concerning;foot affectionate;obes;because overburden;desk where pro;Urbana;SL;28751;VERIFIED;true;true;17912;28;../fake-data/blob/hipster.txt;apostrophize meh;jaywalk before;impress;lively;2023-12-04T21:10:32;since accentuate;30
