id;reference;name;duration_minutes;price_minor;currency;description;active;sort_order;professional_id
1;upon;after;9147;10596;sli;black-and-white;true;3652;1
2;muted;stigmatize;15970;5492;loy;phew gah gym;true;10302;2
3;firm kielbasa;basket however phooey;2121;30554;wel;however strait;false;4770;3
4;unless doodle sundae;serenade;5832;29468;ins;internalize;true;25269;4
5;distinct legitimize;however furthermore;24204;26675;dim;wherever valentine;false;13851;5
6;before excepting;mom;31900;3372;sky;knottily;false;9730;6
7;regarding drat round;hovercraft;21178;2728;wel;shrilly;true;14035;7
8;feminize whenever;character consequently;10703;14957;pss;yuck suspiciously furthermore;true;28609;8
9;oblong than standard;possible intermix beep;25250;26596;que;unrealistic beautifully;true;6801;9
10;godparent mmm;liquid pfft around;3039;10853;sup;bah ugh limply;true;3525;10
11;blah bump shyly;last;31497;21218;bar;before vary;false;4919;11
12;hmph willing queasy;yahoo yowza;31525;26619;boo;freely above;true;20240;12
13;indeed austere;gee against certainly;28074;32035;req;er;false;8297;13
14;evenly like prejudge;vastly gripper strictly;28727;19922;mun;oddly;true;26079;14
15;jealously phooey clavicle;wicked industrialize;28295;25809;for;circumference;false;17323;15
16;instead aha;fooey;10291;25293;tar;cook beyond wavy;true;18618;16
17;upset wherever;huzzah;15446;12030;not;thunderbolt ugly loose;true;2328;17
18;retract hence;eggplant very;5321;15334;rep;upright pick;false;3855;18
19;outside worth atop;toaster;28684;10687;hal;outrank saw;true;18438;19
20;huzzah;stylish fluctuate;17504;18192;int;malfunction;false;772;20
21;curse corny hungrily;that pish supposing;4516;20720;unt;yippee;false;17656;21
22;whoa retool bestride;phew whup ha;19511;3231;les;vastly;false;21181;22
23;too;hmph;28434;13583;foo;sweatshop briskly;false;10597;23
24;lounge except kissingly;considering underachieve vacantly;4855;25686;hum;psst zowie symbolise;false;21662;24
25;nor which in;circa;7835;12249;bag;qua madly zowie;true;25968;25
26;complicated;papa;21573;13579;cel;rural almost dim;true;14884;26
27;naturally first;um;12609;24713;cuc;instead;false;27041;27
28;bah geez outside;fail majority;10776;23073;cri;utterly ligate stage;false;22752;28
29;huzzah imaginative;deceivingly punctual ha;24109;29715;yin;a;false;1533;29
30;lest far;woot;984;24950;awf;for sermon;false;9936;30
