id;reference;customer_login;professional_ref;booking_reference;last_message_at
1;stool below from;simplistic give;and;worthless ugh;2023-12-02T09:05:10
2;preside;woot;boom nicely or;yowza;2023-12-02T10:37:37
3;ugh new delectable;pity gadzooks majestically;speedily;drat till unnecessarily;2023-12-02T12:30:10
4;yahoo;huzzah;intervention inexperienced;irritably throughout;2023-12-02T11:47:58
5;until clinch repeatedly;confound which;dock reluctantly;er fidget issue;2023-12-01T22:17:09
6;yahoo exactly;failing aboard conservation;astride;flu;2023-12-02T07:29:54
7;advertisement below geez;pip simple;upward provided;birth who;2023-12-02T11:09:49
8;obnoxiously finally;these;circa rise zowie;continually woot;2023-12-02T14:08:13
9;uh-huh;spherical emphasise linseed;abnormally;although toothpick forecast;2023-12-02T03:20:53
10;queasily next;nearly athwart irritably;meh;deliberately;2023-12-02T20:10:38
11;zealous above majestically;provided huzzah;tray;eulogise decriminalize;2023-12-02T14:24:20
12;creature trench transom;aching anti unto;blank;oof once;2023-12-02T08:13:50
13;bah vestment and;modulo repentant;geez;considering negotiation;2023-12-02T01:08:52
14;belabor;ostrich house;earth unique;though gah neck;2023-12-02T02:19:30
15;though lest unlearn;proliferate;wound artistic;whose dereference;2023-12-02T11:41:22
16;char tuber;incandescence refer;even emulsify suffice;gah finally;2023-12-02T07:17:09
17;magnificent for trustworthy;technician opposite;alongside apropos inside;complication soon valiantly;2023-12-02T01:30:51
18;dramatic potentially bashfully;apropos among unlucky;honestly than husky;vice ouch;2023-12-02T09:41:03
19;oddly twist though;pish yum;rosemary;quietly longboat;2023-12-02T18:18:40
20;till discourse;commonly finally;so;duh;2023-12-02T11:48:52
21;in;embalm teammate;thoughtfully rival;since;2023-12-02T01:18:21
22;while whether agile;sunder drat gadzooks;gentle reassuringly;toward;2023-12-02T02:07:03
23;even ick afore;whenever;toward;grade er;2023-12-02T15:07:30
24;cemetery oof;sustenance golden convalesce;writhing;wherever ah phew;2023-12-02T03:54:10
25;vice any;nougat repeatedly the;sympathetically gratefully;offensively gah rigid;2023-12-02T00:08:53
26;drat angelic;configuration;creaking who;edible times;2023-12-02T16:16:02
27;uniform nervous;below;whether beyond unfortunately;yearly cooperative;2023-12-02T02:27:01
28;annually upliftingly;inside amid epic;exalted ew quart;ultimately gadzooks;2023-12-02T06:36:45
29;instructor energetic terribly;when creative finally;into overheard firsthand;alliance hmph blah;2023-12-02T12:33:19
30;trolley;if prudent tight;soon physically healthily;swiftly;2023-12-02T09:52:46
