id;recipient_login;kind;body;raised_at;read_at;deep_link
1;after;atrium aha;the preside;2023-12-01T21:36:10;2023-12-02T01:04:50;scarcely aha
2;butter healthily slipper;border;till swelter;2023-12-01T22:53:02;2023-12-01T21:21:12;gadzooks lanky quit
3;brr intensely than;torn upbeat;overcoat;2023-12-01T21:20:06;2023-12-02T05:54:19;wring mosh
4;wedge next;why ick t-shirt;gratefully;2023-12-01T23:58:31;2023-12-02T07:19:59;righteously
5;newsstand grandpa;sleepily understanding;hmph wing;2023-12-02T00:30:46;2023-12-02T12:08:02;bowling yowza
6;oof forager once;zesty even;promptly;2023-12-02T00:41:08;2023-12-02T15:13:21;impostor aw rule
7;quaintly;eventually short sternly;glass;2023-12-02T16:14:48;2023-12-02T08:16:37;duh
8;opposite discrete tedious;while;unto;2023-12-02T00:45:18;2023-12-02T07:13:07;although
9;cellar circa until;owlishly black;commandeer geez;2023-12-02T16:58:12;2023-12-01T22:00:53;toaster ew
10;behind that once;late;modulo;2023-12-02T06:21:39;2023-12-02T18:44:54;ostrich authentic
11;excepting majestic what;boohoo;deeply;2023-12-02T17:36:59;2023-12-02T09:28:22;besides or er
12;narrowcast;altruistic worthless;triumphantly iterate opposite;2023-12-02T05:54:06;2023-12-02T18:11:41;ouch gosh
13;even;tribe sans;carboxyl moisten;2023-12-02T17:01:44;2023-12-02T17:56:52;when handful
14;inasmuch;for supplier for;when;2023-12-02T15:54:26;2023-12-02T05:36:37;equally against
15;as where;daintily;but;2023-12-02T08:42:40;2023-12-02T03:16:54;including where sup
16;consequently;cornet slather edible;whose circa until;2023-12-02T11:39:30;2023-12-02T06:53:54;sans scratch
17;elegantly given;furthermore quizzically;mid;2023-12-02T08:28:22;2023-12-02T01:06:53;easily whenever
18;drive travel casement;beyond;oh;2023-12-02T05:42:28;2023-12-02T15:53:10;haze below fatal
19;playfully unless;gloat wisecrack blue;weakly telescope all;2023-12-02T15:21:32;2023-12-01T23:23:24;waterspout apud mature
20;unselfish edge;circa;ack present;2023-12-02T10:21:38;2023-12-02T19:36:48;editor
21;circulate unfortunate;airline;yahoo loudly forage;2023-12-02T04:25:56;2023-12-01T23:54:00;ah as
22;along worst vice;ghost loosely;hmph;2023-12-02T07:19:10;2023-12-02T05:52:25;ha aside
23;shark swordfish;inasmuch;as watery metabolite;2023-12-02T15:00:51;2023-12-02T09:10:07;athwart toothpick scent
24;drat;oh;anti;2023-12-02T10:27:39;2023-12-02T00:34:08;yesterday next punctually
25;taut amongst;pertinent above briskly;knowledgeably gripper minor;2023-12-02T18:11:58;2023-12-02T00:55:13;inasmuch
26;amidst inventory;underneath horst;swelter;2023-12-02T14:00:00;2023-12-02T20:17:09;incidentally
27;partially mammoth;sympathetically before wetly;duh tomorrow;2023-12-01T20:57:50;2023-12-02T03:39:25;bookcase
28;youthfully sadly;austere;slide;2023-12-01T22:41:27;2023-12-02T18:40:48;thyme
29;whereas pace;evenly instead;cheese mostly meh;2023-12-02T00:04:07;2023-12-02T15:54:22;hence
30;interestingly against stint;meanwhile knottily;ripe transplant pertain;2023-12-02T04:55:06;2023-12-01T23:28:23;knottily
