id;booking_reference;professional_ref;professional_login;gross_minor;commission_minor;net_minor;currency;delivery_mode;service_ref;service_name;earned_on;reversal_of
1;armchair;because wearily;ambitious stint;19710;19090;19577;ast;ONLINE;bah;although where;2023-12-03;of or
2;valiantly whoever;arrogantly flustered;given;9330;18644;15628;fal;HOME_VISIT;off abandoned shrilly;phew yowza yum;2023-12-04;resource swelter gosh
3;verbally intermix bravely;gift;supposing;20941;19475;4028;unn;HOME_VISIT;descendant pixellate jealously;qua the;2023-12-03;but politely beyond
4;willow;ick helpfully;thorn wildly wherever;12282;8591;14971;ove;ONLINE;except evenly;boldly brr;2023-12-03;buck upliftingly
5;hospitalization separately bore;meh;bathhouse lest hammock;23084;18116;32593;ove;IN_PERSON;smoggy quickly censor;by wherever;2023-12-03;familiarize
6;coliseum where loose;eek consistency gosh;save;31168;16360;32213;spi;IN_PERSON;fumigate;along quietly;2023-12-03;since
7;upwardly for;sharply before while;vibration;7944;13448;31186;nec;ONLINE;stylish;bogus although;2023-12-03;furthermore
8;superb unaccountably think;fisherman certify;hence than;29818;15800;5271;why;ONLINE;even wherever;reservation deep release;2023-12-03;incidentally
9;chap kinase;hm till overproduce;pinion unaware;4112;26911;9764;woe;ONLINE;robust shyly dislocate;certainly duh;2023-12-03;yowza sinful
10;now consequently miscalculate;for although;verify plumber;29472;19815;29607;com;ONLINE;ethyl safeguard;within adventurously colorless;2023-12-03;blue sarcastic ack
11;per fluffy;oof;ha puppet save;29351;24575;13547;ina;ONLINE;obediently;yum around bathhouse;2023-12-03;cautious now electronics
12;hmph;depot unlawful major;aircraft;6884;1448;13499;bef;IN_PERSON;brandish phooey palate;however contrast;2023-12-03;singing
13;even a intend;stake;place kielbasa gracefully;16138;3365;31171;cla;HOME_VISIT;nearly;schedule capsize during;2023-12-03;boohoo gah
14;aha gah;mount ouch;starboard homely boo;11329;32590;24718;war;ONLINE;aftermath;into gadzooks;2023-12-03;excited cuddly
15;unexpectedly tomatillo;while;consequently homeschool;4278;16956;10936;hig;ONLINE;faithfully phooey;meh;2023-12-03;whereas orchid bashfully
16;curl glorious even;formation coil;whenever hence;32447;9983;23891;hun;IN_PERSON;experienced;basic repeat;2023-12-03;failing
17;cap ignorance;whose;factorise;7773;30303;21683;dem;HOME_VISIT;well-to-do;tut;2023-12-03;unless inasmuch
18;planula exactly;nightlife yippee;since after;25783;26645;21237;per;ONLINE;innocent;shrilly ugh yahoo;2023-12-03;teeming than
19;yowza woot harmful;toothbrush;that absent;7588;29475;4083;lif;ONLINE;questionably;aw for enchanted;2023-12-03;as an pish
20;astride vet;so pish utilization;gah dead gee;6866;29949;15906;per;IN_PERSON;carefully;gummy;2023-12-03;spark
21;wetly blind appropriate;meh sparkling;solidly earnest;26615;6363;30784;exc;IN_PERSON;afterwards;economise following;2023-12-03;demob worth
22;by hype cluttered;knife;where flawless;705;1425;10002;moc;ONLINE;suspension;limply daily;2023-12-04;quick-witted joyously
23;gleaming embossing;why;eek mysteriously quart;4588;9732;25328;mer;ONLINE;advertisement beneath forenenst;tuber;2023-12-03;since amongst unripe
24;axe round;ostrich;courteous than;12025;10162;22137;mea;HOME_VISIT;finally ha;design when;2023-12-03;propound premeditation digit
25;outfox microblog shell;er punctuation;tag manipulate;15597;13351;31184;mad;ONLINE;between;yum masterpiece;2023-12-03;likewise since vastly
26;cumbersome mash;near circa;orient by bleak;6585;4996;8052;unl;IN_PERSON;well-to-do oh average;sans;2023-12-03;cope exempt hourly
27;settle whoever;react finally;deduction;21284;16;26307;hom;HOME_VISIT;narrowcast triumphantly;cop um;2023-12-03;absent obligation
28;nor unwilling;yum exactly psst;apud egg;6372;12937;14540;ele;IN_PERSON;mythology fake;morning whoa;2023-12-03;even
29;fooey breastplate;although;buttery;7367;23054;29126;req;HOME_VISIT;official;pushy;2023-12-03;old
30;tenant;naturally innocently;slide;27049;20328;3628;lik;IN_PERSON;until;yuck;2023-12-03;super
